,profession,Corrected,Categorie
1,responsable societe seunte. globe,Responsable société s'ente. Globe,None
2,menagere,ménagère,None
3,menagere,ménagère,None
4,directrice commerciale,Directrice commerciale,transport
5,eleve,élevé,None
6,eleve,élevé,None
7,chauffeur,chauffeur,transport
9,ouvrier agricole,Ouvrier agricole,enseignement
10,agent du cadastre(impots et domaine),Agent du cadastre(impôts et domaine),enseignement
11,autres,autres,None
12,pilote engin,Pilote engin,None
14,commercant,commerçant,commerçant
15,commercante/femme au foyer,commerçante/femme au foyer,commerçant
16,etudiant droits des affaires,étudiant droits des affaires,enseignement
17,auxilliaire de vie,auxiliaire de vie,transport
18,commercante,commerçant,commerçant
19,aide soignante,aide-soignante,médical
20,eleve,élevé,None
23,program officier onu,programme officier ONU,None
24,aide a domicile,Aide à domicile,None
25,enseignant(ministre agriculture),Enseignant(ministre agriculture),None
27,femme au foyer,Femme au foyer,None
28,electricien,électricien,None
29,femme au foyer,Femme au foyer,None
30,femme au foyer,Femme au foyer,None
31,commercante peterssen,commerçante poétesse,commerçant
32,chomage,chômage,None
33,commercante hlm grand yoff,commerçante hlm grand off,commerçant
34,commercante a la maison,commerçante à la maison,commerçant
35,infirmiere,infirmière,médical
36,nations unies,Nations unies,None
37,consultant,consultant,None
38,educateur specialise,éducateur spécialisé,enseignement
44,commercial,commerçant,commerçant
45,retraite,retraite,transport
46,porte parole oim,porte-parole Jim,enseignement
47,assistante de direction,Assistante de direction,transport
48,agent comptable,Agent comptable,None
49,communication,communication,transport
50,agent de sante,Agent de santé,médical
52,commercial,commerçant,commerçant
54,directeur adj ong,Directeur DJ ONG,enseignement
55,neant,néant,None
60,aide soignante a la retraite,aide-soignante à la retraite,transport
62,agents des nations unis,Agents des nations unis,None
63,operateur economique,opérateur économique,commerçant
64,mecanicien auto,mécanicien auto,None
66,directeur travaux,Directeur travaux,enseignement
68,delegue medicale,délégué médicale,médical
69,retraite,retraite,transport
71,gerant societe,gérant société,None
72,agent des nations unis,Agent des nations uni,None
73,retraite,retraite,transport
74,retraite,retraite,transport
76,conseiller regional unicef,Conseiller régional Unicef,transport
77,menagere,ménagère,None
78,autre,autre,None
79,commercante,commerçant,commerçant
80,enseignant cesag,Enseignant cessa,None
81,travail avec les animaux,Travail avec les animaux,None
82,femme au foyer,Femme au foyer,None
83,femme  au foyer,Femme au foyer,None
84,femme au foyer,Femme au foyer,None
85,staffeur(plafonier),Staffeur(plafonnier),None
86,femme au foyer,Femme au foyer,None
87,commercant,commerçant,commerçant
88,gestionnaire info oim,Gestionnaire info Jim,transport
89,securite,sécurité,None
93,medecin,médical,médical
94,directrice de developpement,Directrice de développement,None
96,cultuvateur,cultivateur,commerçant
97,agent de sante,Agent de santé,médical
100,maitre coranique,Maitre coranique,enseignement
101,commercial,commerçant,commerçant
103,commercante,commerçant,commerçant
104,menagere,ménagère,None
105,sp,SP,None
106,eleve a daara,élevé a d'aura,None
109,staffeur,staffeur,None
110,commercante,commerçant,commerçant
111,commercante,commerçant,commerçant
113,menagere,ménagère,None
114,instituteur,instituteur,enseignement
115,retraite,retraite,transport
116,commercante,commerçant,commerçant
122,femme au foyer,Femme au foyer,None
123,agent de transit,Agent de transit,transport
127,infirmier d etat,Infirmier d'etat,None
128,medecin,médical,médical
129,technicien de biologie,Technicien de biologie,None
130,technicien superieur biologie,Technicien supérieur biologie,enseignement
131,peintre,peintre,None
132,directeur agence tourisme cap tour point e,Directeur agence tourisme cap tour pointe,enseignement
133,fonctionnaire ministere affaire etrangere,Fonctionnaire ministère affaire étrangère,enseignement
134,adjudente police,adjudante police,None
135,retraite,retraite,transport
136,autre,autre,None
137,autre,autre,None
138,autre,autre,None
139,autre,autre,None
140,commerciale,commerçant,commerçant
141,militaire,militaire,transport
142,epidemiologiste,épidémiologiste,None
145,chauffeur,chauffeur,transport
146,commercant,commerçant,commerçant
147,videur,videur,None
148,entrepreneur,entrepreneur,commerçant
151,eleve,élevé,None
152,femme de menage,Femme de ménage,None
153,femme foyer,Femme foyer,None
154,medecin,médical,médical
156,medecin,médical,médical
159,eleve,élevé,None
160,eleve,élevé,None
161,eleve,élevé,None
162,eleve coranique,élevé coranique,enseignement
163,femme au foyer,Femme au foyer,None
165,eleve,élevé,None
166,maitre coranique,Maitre coranique,enseignement
168,peintre,peintre,None
169,eleve,élevé,None
170,professeur,professeur,enseignement
171,eleve,élevé,None
174,menagere,ménagère,None
176,menagere,ménagère,None
177,sage femme,sage-femme,None
178,assistante infirmiere,Assistante infirmière,médical
179,medecin,médical,médical
180,eleve,élevé,None
181,maitre coranique,Maitre coranique,enseignement
182,femme au foyer,Femme au foyer,None
183,emigre d italie,émigre d'italie,None
184,eleve,élevé,None
198,marchand en gambie,Marchand en Gambie,None
199,femme au foyer,Femme au foyer,None
200,etudiant,étudiant,enseignement
201,autre,autre,None
202,autre,autre,None
203,menagere,ménagère,None
204,femme au foyer,Femme au foyer,None
205,eleve,élevé,None
206,femme au foyer,Femme au foyer,None
207,eleve,élevé,None
208,autre,autre,None
209,eleve,élevé,None
210,femme au foyer,Femme au foyer,None
211,sp,SP,None
212,sp,SP,None
213,eleve,élevé,None
214,agent pompiste,Agent pompiste,None
215,eleve,élevé,None
216,sp,SP,None
217,menagere,ménagère,None
218,eleve,élevé,None
219,employe alimentation,employé alimentation,None
220,chauffeur,chauffeur,transport
221,eleve,élevé,None
222,pompiste,pompiste,None
224,sp,SP,None
225,aie,est,None
226,menagere,ménagère,None
227,gerant restaurant en italie,gérant restaurant en Italie,None
229,commercant,commerçant,commerçant
230,menagere,ménagère,None
232,commercant,commerçant,commerçant
237,commercante,commerçant,commerçant
238,chauffeur,chauffeur,transport
240,staffeyr,staffeur,None
241,femme au foyer,Femme au foyer,None
242,etudiante,étudiante,enseignement
243,sp,SP,None
244,modou modou,modou,None
245,chauffeur,chauffeur,transport
246,talibe,talibé,None
247,femme au foyer,Femme au foyer,None
248,coffreur batiment,Coffreur bâtiment,transport
249,pharmacien,pharmacien,médical
250,autre,autre,None
251,autre,autre,None
253,autre,autre,None
254,agent de sante,Agent de santé,médical
257,enseignante,enseignement,enseignement
259,retraite,retraite,transport
261,mecanicien,mécanicien,None
263,producteur rts,Producteur arts,None
264,chauffeur,chauffeur,transport
265,educatrice,éducatrice,None
266,chef operation usine,Chef opération usine,None
267,coordinateur environnement,Coordinateur environnement,None
268,autre,autre,None
269,autre,autre,None
270,autre,autre,None
271,autre,autre,None
272,autre,autre,None
273,autre,autre,None
276,etudiante,étudiante,enseignement
280,cadre de sigalisation,Cadre de signalisation,None
281,etudiante,étudiante,enseignement
283,etudiante,étudiante,enseignement
286,menagere restaurant,ménagère restaurant,None
287,chef entreprise,Chef entreprise,transport
288,louga,l'Olga,None
289,historien,historien,None
298,financier dans onu dc,Financier dans ONU dC,None
299,commercant,commerçant,commerçant
300,retraite,retraite,transport
301,travailleur saisonizere dans les champs,Travailleur saisonnière dans les champs,None
303,chercheur,chercheur,None
304,medecin,médical,médical
305,micro biologiste,Micro biologiste,None
306,guide touristique,Guide touristique,None
308,commercante,commerçant,commerçant
311,travail a l'aeroport,Travail à l'aéroport,transport
313,gendarme,gendarme,None
314,chauffeur,chauffeur,transport
315,femme au foyer,Femme au foyer,None
316,retyraite,retraite,transport
317,assistante,assistante,None
318,assistante,assistante,None
319,comptable,comptable,None
321,retraite,retraite,transport
322,logisticien unicef,Logisticien Unicef,None
323,opera-mecanique,opéra-mécanique,None
333,medecin,médical,médical
334,produteur,producteur,commerçant
335,eleve,élevé,None
336,cadre commerciale /sonatel,Cadre commerciale /s'aunâtes,transport
337,etudiante,étudiante,enseignement
338,militaire,militaire,transport
339,eleve,élevé,None
340,styliste,styliste,None
341,intendant,intendant,None
342,agent de sante,Agent de santé,médical
343,etudiant,étudiant,enseignement
344,etudiante,étudiante,enseignement
347,instutitrice,institutrice,enseignement
348,depute,député,None
353,artisant,artisans,commerçant
354,responsable travaux ter,Responsable travaux ter,None
355,responsable travaux ter,Responsable travaux ter,None
356,responsable travaux ter,Responsable travaux ter,None
357,frigoriste,frigoriste,None
358,invalidite,invalidité,None
359,assistante de projet,Assistante de projet,None
360,ingenieur ferroviere,ingénieur ferroviaire,enseignement
361,technicien,technicien,None
362,assistante administrative,Assistante administrative,None
369,chef d entreprise,Chef d'entreprise,transport
372,journaliste,journaliste,None
373,marchand,marchand,commerçant
374,hotelier,hôtelier,None
375,administratif,administratif,médical
376,infirmiere,infirmière,médical
377,banquiere,banquière,None
378,comptable,comptable,None
379,drh /onu,DRH /ONU,None
380,informaticien residence yux,Informaticien résidence aux,None
381,consultant fao,Consultant São,None
382,sage femme,sage-femme,None
383,autre,autre,None
384,employe de banque en retraite,employé de banque en retraite,transport
385,commercante,commerçant,commerçant
386,ingenieur,ingénieur,enseignement
387,autre,autre,None
388,autre,autre,None
392,commercant,commerçant,commerçant
393,staffeur,staffeur,None
394,eleve,élevé,None
397,emmigre,émigre,None
398,eleve,élevé,None
399,eleve,élevé,None
401,commercant,commerçant,commerçant
402,menuisier metalique,Menuisier métallique,None
403,enseignant,enseignement,enseignement
404,autre,autre,None
405,autre,autre,None
406,salon,salon,None
408,infirmier agricole,Infirmier agricole,enseignement
409,autre(gestioon salon de beaute),Autre(gestion salon de beauté),None
410,eleve,élevé,None
411,sp,SP,None
412,eleve coranique,élevé coranique,enseignement
413,technicien superieur,Technicien supérieur,enseignement
414,emigre,émigre,None
415,macon,maçon,None
416,commercant,commerçant,commerçant
419,commercante,commerçant,commerçant
420,eleve,élevé,None
422,etudiant,étudiant,enseignement
424,commercant,commerçant,commerçant
425,retraite,retraite,transport
426,autre,autre,None
427,eleve,élevé,None
428,commercante,commerçant,commerçant
429,etudiant,étudiant,enseignement
430,domestique,domestique,None
431,infirmier d etat,Infirmier d'etat,None
432,menagere,ménagère,None
433,commercant,commerçant,commerçant
434,commercante,commerçant,commerçant
435,staffeur,staffeur,None
436,medecin,médical,médical
437,etudiante,étudiante,enseignement
438,tss en ophtalmologie,Tss en ophtalmologie,None
439,menagere,ménagère,None
440,chomeur,chômeur,None
441,autre,autre,None
442,etudiant,étudiant,enseignement
443,coran,coran,None
444,domestique,domestique,None
445,commercant,commerçant,commerçant
446,chauffeur,chauffeur,transport
449,enseignant,enseignement,enseignement
450,eleve coranique,élevé coranique,enseignement
451,eleve,élevé,None
452,eleve,élevé,None
453,autre,autre,None
454,macon,maçon,None
455,sp,SP,None
456,tailleur,tailleur,None
458,autre,autre,None
459,eleve coranique,élevé coranique,enseignement
461,eleve coranique,élevé coranique,enseignement
464,eleve,élevé,None
466,eleve,élevé,None
469,eleve,élevé,None
470,autre,autre,None
472,agent touriste,Agent touriste,None
474,commercante,commerçant,commerçant
476,eleve,élevé,None
477,commercante,commerçant,commerçant
479,commercante,commerçant,commerçant
481,chauffeur,chauffeur,transport
483,charetier,charretier,None
484,infirmiere,infirmière,médical
485,medecin,médical,médical
486,autre,autre,None
487,boutiqier,boutiquier,commerçant
488,agent de sante,Agent de santé,médical
489,autre,autre,None
490,autre,autre,None
491,autre,autre,None
492,eleve,élevé,None
493,commercante,commerçant,commerçant
494,etudiant,étudiant,enseignement
495,maco,masse,None
496,etudiante,étudiante,enseignement
497,commercante,commerçant,commerçant
498,technicien labo,Technicien labo,None
499,soudeur methalique,Soudeur métallique,None
501,menagere,ménagère,None
503,autre,autre,None
504,cultivateur,cultivateur,commerçant
506,commercant,commerçant,commerçant
507,sage femme,sage-femme,None
508,autre,autre,None
510,commercante,commerçant,commerçant
511,femme au foyer,Femme au foyer,None
512,commercante,commerçant,commerçant
514,commercante,commerçant,commerçant
516,menagere,ménagère,None
517,staffeur,staffeur,None
521,menagere,ménagère,None
524,commercante,commerçant,commerçant
526,sage femme,sage-femme,None
527,enseignant,enseignement,enseignement
528,maitre coranique,Maitre coranique,enseignement
529,autre,autre,None
530,eleve,élevé,None
531,taximan,taximan,transport
532,eleve,élevé,None
534,coiffeuse,coiffeuse,None
535,autre,autre,None
536,apprenti camion,Apprenti camion,transport
538,chef service developpement social,Chef service développement social,transport
539,autre,autre,None
540,menuisier bois,Menuisier bois,None
542,ndamatou,Mamadou,None
543,eleve coranique,élevé coranique,enseignement
544,agent de sante,Agent de santé,médical
545,autre,autre,None
546,autre,autre,None
547,agent comptable,Agent comptable,None
550,menagere,ménagère,None
552,commercante,commerçant,commerçant
554,commercante,commerçant,commerçant
555,staffeur,staffeur,None
556,menagere,ménagère,None
557,commercante,commerçant,commerçant
559,menagere,ménagère,None
560,macon,maçon,None
561,menagere,ménagère,None
562,commercant,commerçant,commerçant
564,eleve,élevé,None
565,ferrailleurs,ferrailleurs,transport
567,talibe,talibé,None
568,cultivateur,cultivateur,commerçant
569,marchand,marchand,commerçant
570,sp,SP,None
571,enseignant,enseignement,enseignement
572,maitre coranique,Maitre coranique,enseignement
573,sp,SP,None
574,apprenti,apprenti,None
575,chauffeur,chauffeur,transport
576,ide,ide,None
577,autre,autre,None
578,menagere,ménagère,None
583,chauffeur de transport,Chauffeur de transport,transport
584,emigre (commecant),émigre (commençant),None
586,directeur de l institut francais de saint louis,Directeur de l'institut français de saint louis,enseignement
587,autre,autre,None
588,autre,autre,None
589,autre,autre,None
590,ingenieur cikil,ingénieur civil,enseignement
591,autre,autre,None
592,autre,autre,None
593,etudiante,étudiante,enseignement
594,etudiant,étudiant,enseignement
595,etudiant,étudiant,enseignement
596,ingenieur,ingénieur,enseignement
597,ingenieur de construction,ingénieur de construction,enseignement
598,marin,marin,None
599,architecte,architecte,None
600,qualiticienne,qualiticienne,None
601,etudiante,étudiante,enseignement
602,responsable,responsable,None
603,conseiller a protectin,Conseiller a protection,None
604,agent de sante,Agent de santé,médical
605,medecin,médical,médical
606,travaille dans un laboratoire,Travaille dans un laboratoire,enseignement
607,eleve,élevé,None
608,assistante rh,Assistante RH,None
609,ingenieur,ingénieur,enseignement
610,eleve,élevé,None
611,femme de menage,Femme de ménage,None
612,jardinier,jardinier,None
613,photographe,photographe,None
614,menuisier metalique,Menuisier métallique,None
615,retraite,retraite,transport
616,secretaire,secrétaire,transport
617,restauration,restauration,None
618,guicher,guichet,None
619,serveuse,serveuse,None
620,cuisiniere,cuisinière,None
621,infirmier,infirmier,médical
622,medecin,médical,médical
623,medecin,médical,médical
624,infirmiere,infirmière,médical
625,infirmiere,infirmière,médical
628,commercante,commerçant,commerçant
630,steward,steward,None
631,autre,autre,None
632,etudiante,étudiante,enseignement
633,ingenieur,ingénieur,enseignement
634,cesag,cessa,None
635,vendeur en boutique,Vendeur en boutique,commerçant
636,medecin,médical,médical
642,medecin,médical,médical
644,commercant,commerçant,commerçant
645,commercant,commerçant,commerçant
646,commercant,commerçant,commerçant
654,directeur d'ecole,Directeur d'école,enseignement
655,eleveur agriculteur,éleveur agriculteur,commerçant
656,gd,CD,None
657,medecin,médical,médical
663,presidente depute mentale de la croix rouge,présidente député mentale de la croix rouge,None
664,controleur economique,contrôleur économique,None
668,infirmiere,infirmière,médical
669,infirmiere,infirmière,médical
670,ingenieur mecanicien,ingénieur mécanicien,enseignement
671,ingenieur,ingénieur,enseignement
672,etudiant,étudiant,enseignement
673,etudiante,étudiante,enseignement
674,agent administrative,Agent administratif,médical
675,banquier,banquier,commerçant
676,traductrice,traductrice,None
677,ong drc,ONG duc,None
678,autre,autre,None
679,ingenieur civil,ingénieur civil,enseignement
680,agent de sante,Agent de santé,médical
682,agent de sante,Agent de santé,médical
683,agent de sante,Agent de santé,médical
685,directeur hopital,Directeur hôpital,enseignement
693,drh mairie dakar,DRH mairie Dakar,transport
695,ong drc,ONG duc,None
696,receptionniste,réceptionniste,None
697,ingenieur,ingénieur,enseignement
698,menagere,ménagère,None
699,serveuse,serveuse,None
700,ingenieur,ingénieur,enseignement
701,benevole,bénévole,transport
710,colonel gendarmerie,Colonel gendarmerie,None
711,administrateur de societe,Administrateur de société,None
712,assistante infirmiere,Assistante infirmière,médical
713,assistante,assistante,None
714,etudiant,étudiant,enseignement
715,etudiant,étudiant,enseignement
716,ouvrier/maintenance,Ouvrier/maintenance,None
717,medecin,médical,médical
720,serveuse,serveuse,None
721,sage femme d etat,sage-femme d'etat,None
723,menagere,ménagère,None
738,eleve,élevé,None
739,eleve,élevé,None
740,enseignant,enseignement,enseignement
741,eleve,élevé,None
742,femme au foyer,Femme au foyer,None
744,patissiere,pâtissière,None
745,chauffeur taxi bagages,Chauffeur taxi bagages,transport
746,marchand ambulant,Marchand ambulant,None
749,coutiriere,couturière,None
750,infirmiere,infirmière,médical
751,ts tourisme,TS tourisme,transport
753,informaticien,informaticien,None
754,chef entreprise,Chef entreprise,transport
755,autre,autre,None
759,agent de sante,Agent de santé,médical
760,agent de sante,Agent de santé,médical
762,asp,as,None
765,autre,autre,None
766,biologiste,biologiste,None
767,artiste,artiste,None
768,retraite,retraite,transport
769,menagere,ménagère,None
770,chauffeur taxi,Chauffeur taxi,transport
771,marketing diamniadio,Marketing diamniadio,None
772,autre,autre,None
774,eleve,élevé,None
775,apprenti mecanicien,Apprenti mécanicien,None
781,assistante,assistante,None
782,femme de menage,Femme de ménage,None
783,technicien de surface,Technicien de surface,None
784,gardien,gardien,None
785,nounou,nounou,None
786,eleve,élevé,None
788,autre,autre,None
789,commercant,commerçant,commerçant
790,maintenance,maintenance,None
792,notaire,notaire,transport
793,informaticien,informaticien,None
794,ugb,KGB,None
795,charge comm,Charge comme,None
796,agent de sante,Agent de santé,médical
797,secretaire de direction,secrétaire de direction,transport
799,militaire,militaire,transport
800,autre,autre,None
801,footballeur,footballeur,None
802,marchande,marchande,commerçant
803,travailleuse saisonniere,Travailleuse saisonnière,None
804,menagere,ménagère,None
805,agentpresse/twy ford,agent presse/TGy Ford,enseignement
806,directrice,directrice,transport
808,autre,autre,None
809,eleve,élevé,None
810,eleve,élevé,None
812,humanitaire,humanitaire,transport
813,eleve,élevé,None
816,menagere,ménagère,None
817,menagere,ménagère,None
818,menagere,ménagère,None
819,cabinet de courtage,Cabinet de courtage,None
820,etudiant,étudiant,enseignement
821,medecin molitaire,médecin militaire,transport
822,travaille dans un laboratoire,Travaille dans un laboratoire,enseignement
823,autre,autre,None
824,infirmier d etat,Infirmier d'etat,None
826,infirmiere d etat,infirmière d'etat,médical
827,commercante,commerçant,commerçant
829,commercante,commerçant,commerçant
830,autre,autre,None
831,autre,autre,None
832,autre,autre,None
833,autre,autre,None
834,autre,autre,None
835,autre,autre,None
836,eleve,élevé,None
837,eleve,élevé,None
838,femme de menage,Femme de ménage,None
839,animatrice,animatrice,None
841,charge de communication,Charge de communication,transport
843,autre,autre,None
844,autre,autre,None
845,autre,autre,None
846,autre,autre,None
848,autre,autre,None
849,etudiante,étudiante,enseignement
850,commercante,commerçant,commerçant
851,eleve,élevé,None
852,eleve,élevé,None
853,etudiante,étudiante,enseignement
854,femme de menage,Femme de ménage,None
855,femme de menage,Femme de ménage,None
856,chauffeur,chauffeur,transport
857,commercant,commerçant,commerçant
858,nounou,nounou,None
859,humaniste,humaniste,None
860,eleve,élevé,None
861,technicien tele,Technicien télé,None
862,gendarme,gendarme,None
863,banquier (retraite),Banquier (retraite),transport
864,gp,IP,None
865,autre,autre,None
867,autre,autre,None
868,agent de sante,Agent de santé,médical
869,autre,autre,None
872,menagere,ménagère,None
874,chauffeur,chauffeur,transport
876,restaurateur,restaurateur,None
877,menagere,ménagère,None
878,etudiant,étudiant,enseignement
879,retraite,retraite,transport
880,representant technique,représentant technique,enseignement
881,etudiante,étudiante,enseignement
882,policier,policier,None
883,eleve,élevé,None
884,eleve,élevé,None
885,commercant,commerçant,commerçant
888,medecin malitaire,médecin militaire,transport
889,fontionnaire nations unies,fonctionnaire nations unies,enseignement
890,inspecteur de douane,Inspecteur de douane,None
891,conseiller iam,Conseiller IBM,None
892,responsable process qualite,Responsable process qualité,None
893,menagere,ménagère,None
894,agent de sante,Agent de santé,médical
895,responsable rh,Responsable RH,None
897,professeur,professeur,enseignement
899,menagere,ménagère,None
900,hotelier,hôtelier,None
901,retraite,retraite,transport
902,menagere,ménagère,None
903,agent de sante,Agent de santé,médical
904,judoka,judoka,None
905,medecin,médical,médical
906,stagiaire  elevage,Stagiaire élevage,transport
907,etudiant,étudiant,enseignement
908,juriste,juriste,None
909,restauratrice,restauratrice,None
910,enseignant,enseignement,enseignement
912,commis a l'ucad,Commis à l'CAD,None
913,volontaire,volontaire,transport
915,mediatiquaire,médiathécaire,transport
916,comptable a la retraite,Comptable a la retraite,transport
919,receptionniste,réceptionniste,None
930,autre,autre,None
931,autre,autre,None
932,autre,autre,None
933,autre,autre,None
934,autre,autre,None
936,autre,autre,None
937,autre,autre,None
939,autre,autre,None
940,autre,autre,None
942,autre,autre,None
943,menagere,ménagère,None
944,travailleur saisonniere au champs,Travailleur saisonniere aux champs,None
945,saisonniere aux champs vanoers,saisonnier eaux champs vanniers,transport
946,commercante,commerçant,commerçant
947,charge projet marketing communication iam,Charge projet marketing communication IBM,transport
948,commercant,commerçant,commerçant
949,responsable de e programme pedagogiques,Responsable de et programme pédagogiques,enseignement
951,compagnon de voyage,Compagnon de voyage,transport
954,commercant,commerçant,commerçant
955,marabout,marabout,None
956,chef d entreprise,Chef d'entreprise,transport
957,service a la cliente,Service a la cliente,commerçant
958,financiere,financière,enseignement
959,adjoint,adjoint,None
960,manoeuvre,manœuvre,None
961,commercant,commerçant,commerçant
962,autre,autre,None
963,chercheur biologiste,Chercheur biologiste,None
967,commercante,commerçant,commerçant
969,autre,autre,None
970,autre,autre,None
971,autre,autre,None
972,autre,autre,None
974,commercant,commerçant,commerçant
975,autre,autre,None
976,autre,autre,None
977,manageur des operations synapse,Manageur des opérations synapse,None
978,militaire,militaire,transport
979,technicien telecom,Technicien Télécom,None
980,ingenieur genie civile,ingénieur génie civile,enseignement
981,ingenieur genie civile,ingénieur génie civile,enseignement
983,menagere,ménagère,None
994,professionel de sante,professionnel de santé,enseignement
1001,directrice a iam,Directrice a IBM,None
1002,informaticien,informaticien,None
1003,chauffeur,chauffeur,transport
1005,menagere,ménagère,None
1006,medecin,médical,médical
1007,etudiant,étudiant,enseignement
1008,autre,autre,None
1009,chancelier,chancelier,None
1010,chef de transit,Chef de transit,transport
1011,homme d'affaires,Homme d'affaires,transport
1012,commercante,commerçant,commerçant
1015,agent consulaire,Agent consulaire,transport
1016,eleve,élevé,None
1017,eleve,élevé,None
1018,chef religieux,Chef religieux,enseignement
1021,etudiante,étudiante,enseignement
1022,sial sarl,Sial SARL,None
1023,directrice commerciale,Directrice commerciale,transport
1024,agent de recouvrement,Agent de recouvrement,None
1025,coiffeuse,coiffeuse,None
1026,avocate,avocate,None
1027,footballeur,footballeur,None
1028,coiffeuse,coiffeuse,None
1029,ingenieur genie civil,ingénieur génie civil,enseignement
1030,etudiant,étudiant,enseignement
1031,agent banque,Agent banque,commerçant
1032,informaticien,informaticien,None
1033,conseiller et social,Conseiller et social,médical
1034,tailleur,tailleur,None
1035,agent de securite,Agent de sécurité,None
1036,agent de securite,Agent de sécurité,None
1037,etudiante,étudiante,enseignement
1038,etudiant,étudiant,enseignement
1039,enseignante,enseignement,enseignement
1040,enseignante,enseignement,enseignement
1041,agent delta,Agent delta,None
1042,infirmiere,infirmière,médical
1043,cadre administratif,Cadre administratif,médical
1044,operatrice,opératrice,None
1045,commercant,commerçant,commerçant
1046,secretaire general iam,secrétaire général IBM,transport
1047,responsable cooperation internationale,Responsable coopération internationale,enseignement
1048,conseiller total,Conseiller total,None
1050,journaliste,journaliste,None
1051,etudiant,étudiant,enseignement
1053,commercant,commerçant,commerçant
1054,etudiante,étudiante,enseignement
1055,ingenieur en informatique,ingénieur en informatique,enseignement
1056,assitante personnel,assistante personnel,médical
1057,fonnctionnaire international,fonctionnaire international,enseignement
1061,retraite,retraite,transport
1062,agent sante communautaire,agents ante communautaire,transport
1063,navigateur a la retraite,Navigateur a la retraite,transport
1064,administrateur,administrateur,None
1065,journaliste,journaliste,None
1066,agent de sante,Agent de santé,médical
1067,agent d'accueil,Agent d'accueil,None
1068,logisticien,logisticien,None
1071,chef religieux,Chef religieux,enseignement
1072,operateur economique,opérateur économique,commerçant
1078,mecanicien,mécanicien,None
1079,etudiante,étudiante,enseignement
1080,menagere,ménagère,None
1081,commercante,commerçant,commerçant
1082,professionnel d sante,Professionnel ds ante,None
1083,retaite,retraite,transport
1086,professionnel d sante,Professionnel ds ante,None
1087,professionnel d sante,Professionnel ds ante,None
1088,ingenieur geni civil,ingénieur gens civil,enseignement
1089,directeur cesag,Directeur cessa,enseignement
1090,professionnel d sante,Professionnel ds ante,None
1091,commercant,commerçant,commerçant
1092,professionnel de sante,Professionnel de santé,médical
1094,ingenieur en ferroviaire,ingénieur en ferroviaire,enseignement
1095,administrateur civil,Administrateur civil,None
1096,eleve,élevé,None
1097,menagere,ménagère,None
1098,secretaire,secrétaire,transport
1099,commercant,commerçant,commerçant
1100,ingenieur infoormaticien,ingénieur informaticien,enseignement
1101,journaliste,journaliste,None
1102,commercial,commerçant,commerçant
1103,autre,autre,None
1104,autre,autre,None
1105,autre,autre,None
1106,opticien,opticien,None
1107,estheticienne,esthéticienne,None
1108,sans,sans,None
1111,agent de sante,Agent de santé,médical
1112,receveur bus,Receveur bu,None
1113,taximan,taximan,transport
1114,agent de securite,Agent de sécurité,None
1115,courtier,courtier,commerçant
1116,assistante administrative,Assistante administrative,None
1117,professeur,professeur,enseignement
1118,infirmier,infirmier,médical
1121,gendarme,gendarme,None
1122,emigre au usa,émigre au USD,None
1123,couturiere,couturière,None
1125,etudiante,étudiante,enseignement
1129,ouvrier,ouvrier,commerçant
1130,commercante,commerçant,commerçant
1131,etudiante,étudiante,enseignement
1132,directeur dakar actu,Directeur Dakar actu,enseignement
1133,chauffeur,chauffeur,transport
1134,restaurateur,restaurateur,None
1135,neant,néant,None
1136,femme de menage,Femme de ménage,None
1137,eleve,élevé,None
1138,etudiante,étudiante,enseignement
1139,etudiante,étudiante,enseignement
1140,nounou,nounou,None
1141,chauffeur,chauffeur,transport
1142,registiare,registre,None
1143,medecin checheur,médecin chercheur,médical
1144,assistante direction,Assistante direction,transport
1145,autre,autre,None
1146,autre,autre,None
1147,autre,autre,None
1148,autre,autre,None
1149,etudiante,étudiante,enseignement
1151,autre,autre,None
1153,etudiant,étudiant,enseignement
1154,autre,autre,None
1155,autre,autre,None
1156,autre,autre,None
1157,autre,autre,None
1158,photographe,photographe,None
1159,travailleur ong,Travailleur ONG,None
1160,journaliste,journaliste,None
1161,responsable rh,Responsable RH,None
1163,pecheur,pêcheur,None
1164,autre,autre,None
1166,etudiante,étudiante,enseignement
1167,sappeur,s'apeure,None
1168,etudiante,étudiante,enseignement
1169,etudiante,étudiante,enseignement
1171,medecin,médical,médical
1172,retraite,retraite,transport
1173,commercante,commerçant,commerçant
1174,chercheur en agronomie,Chercheur en agronomie,None
1175,cuisinier,cuisinier,None
1176,technicien aeronautique,Technicien aéronautique,transport
1177,medecin,médical,médical
1178,etudiante,étudiante,enseignement
1180,directeur sosem,Directeur s'ose,enseignement
1181,etudiante,étudiante,enseignement
1182,etudiant paris,étudiant paris,enseignement
1183,menagere,ménagère,None
1184,angent de la caisse de consignation,agent de la caisse de consignation,None
1185,banquiere,banquière,None
1186,administrateur de societe,Administrateur de société,None
1187,commercante,commerçant,commerçant
1188,juriste,juriste,None
1189,ingebieur sones,ingénieur son es,enseignement
1191,declarant douane,déclarant douane,None
1192,etudiante,étudiante,enseignement
1193,guide religieux,Guide religieux,enseignement
1194,menagere,ménagère,None
1195,commercant,commerçant,commerçant
1196,retraite,retraite,transport
1197,professionnel de sante,Professionnel de santé,médical
1198,informaticien,informaticien,None
1199,commercant,commerçant,commerçant
1200,militaire,militaire,transport
1201,assureur,assureur,None
1202,ingenieur electrique,ingénieur électrique,enseignement
1203,entrepreneur,entrepreneur,commerçant
1204,assistante direction,Assistante direction,transport
1205,electricien  a la retraite,électricien a la retraite,transport
1206,etudiant,étudiant,enseignement
1207,femme de menage,Femme de ménage,None
1208,banquiere,banquière,None
1209,ingenieur,ingénieur,enseignement
1210,commercante,commerçant,commerçant
1211,directrice commerciale,Directrice commerciale,transport
1212,couturiere,couturière,None
1213,eleve,élevé,None
1214,etudiant,étudiant,enseignement
1215,eleve,élevé,None
1216,responsable de programme fann,Responsable de programme fan,None
1217,autre,autre,None
1218,autre,autre,None
1219,receptionniste,réceptionniste,None
1220,commercant,commerçant,commerçant
1221,plombier,plombier,None
1222,travailleur au centre sante,Travailleur au centres ante,médical
1223,autre,autre,None
1224,topographe,topographe,None
1225,etudiant,étudiant,enseignement
1226,autre,autre,None
1227,autre,autre,None
1228,autre,autre,None
1229,commercant,commerçant,commerçant
1231,autre,autre,None
1232,autre,autre,None
1233,autre,autre,None
1239,professionnel de sante,Professionnel de santé,médical
1240,ingenierur genie civil,ingénieur génie civil,enseignement
1241,directeur cesag,Directeur cessa,enseignement
1242,commercant,commerçant,commerçant
1244,coiffeur,coiffeur,None
1245,administrateur civil,Administrateur civil,None
1246,ingenieur,ingénieur,enseignement
1247,administrateur civil,Administrateur civil,None
1248,eleve,élevé,None
1254,assistante de direction,Assistante de direction,transport
1256,etudiant,étudiant,enseignement
1257,professionnel de sante,Professionnel de santé,médical
1260,professionnel de sante,Professionnel de santé,médical
1261,architecte,architecte,None
1262,menagere,ménagère,None
1263,administrateur civil,Administrateur civil,None
1265,technicien superieur en tourisme,Technicien supérieur en tourisme,enseignement
1266,administrateur civil,Administrateur civil,None
1267,femme au foyer,Femme au foyer,None
1268,pofession de sante,profession de santé,médical
1269,medecin,médical,médical
1270,professionnelle de sante,Professionnelle de santé,médical
1271,professeur,professeur,enseignement
1272,autre,autre,None
1273,sans,sans,None
1275,entrepreneur,entrepreneur,commerçant
1276,commercant,commerçant,commerçant
1277,menagere,ménagère,None
1279,etudiant medecine,étudiant médecine,enseignement
1280,autre,autre,None
1281,autre,autre,None
1282,autre,autre,None
1283,autre,autre,None
1284,autre,autre,None
1285,enseignant,enseignement,enseignement
1286,humanitaire,humanitaire,transport
1287,medecin,médical,médical
1288,ingenieur,ingénieur,enseignement
1289,artisant a paris,artisans a paris,commerçant
1290,agent de securite,Agent de sécurité,None
1291,tailleur,tailleur,None
1292,agent immobilier,Agent immobilier,None
1293,enseignant,enseignement,enseignement
1294,business developper,Business développer,None
1295,etudiante,étudiante,enseignement
1296,ingenieur,ingénieur,enseignement
1297,commercante,commerçant,commerçant
1298,kinesi therapeute,quines thérapeute,None
1299,auditeur en mauritanie,Auditeur en Mauritanie,None
1300,eleve douanier,élevé douanier,None
1301,controleur de gestion,contrôleur de gestion,None
1302,menagere,ménagère,None
1303,enseignant,enseignement,enseignement
1304,menagere,ménagère,None
1305,expert comptable,expert-comptable,None
1306,commercant,commerçant,commerçant
1307,cadre administratif,Cadre administratif,médical
1308,vigile,vigile,None
1309,autre,autre,None
1310,etudiante,étudiante,enseignement
1311,autre,autre,None
1312,autre,autre,None
1314,chef d'entreprise,Chef d'entreprise,transport
1315,fonctionnaire aux nations unis,Fonctionnaire aux nations uni,transport
1317,tailleur,tailleur,None
1318,responsable d'entreprise,Responsable d'entreprise,transport
1319,coordonateur,coordonnateur,None
1322,enseignant,enseignement,enseignement
1323,retraite,retraite,transport
1324,ingenieur biomedical,ingénieur biomédical,enseignement
1326,financier,financier,enseignement
1327,administrateur,administrateur,None
1328,agent de sante,Agent de santé,médical
1329,eleve,élevé,None
1330,autre,autre,None
1332,macon,maçon,None
1333,bibliothequaire,bibliothécaire,transport
1334,agent de banque( nsia rue carnot),Agent de banque(NSA rue Carnot),commerçant
1335,commercant,commerçant,commerçant
1336,technicien de surface,Technicien de surface,None
1338,76395257,76395257,None
1339,comptable,comptable,None
1340,commercante,commerçant,commerçant
1341,775269392,775269392,None
1343,eleve,élevé,None
1344,comptable,comptable,None
1345,eleve,élevé,None
1348,etudiant,étudiant,enseignement
1350,directrice d'ecole,Directrice d'école,enseignement
1351,eleve,élevé,None
1352,medecin,médical,médical
1353,ingenieur,ingénieur,enseignement
1354,marabout,marabout,None
1355,commercante,commerçant,commerçant
1356,autre,autre,None
1357,menagere,ménagère,None
1358,militaire,militaire,transport
1359,agent de sante,Agent de santé,médical
1360,medecin,médical,médical
1361,commercante,commerçant,commerçant
1362,secretaire de direction,secrétaire de direction,transport
1365,vendeuse,vendeuse,None
1366,autre,autre,None
1368,eleve,élevé,None
1369,eleve,élevé,None
1372,ingenieur,ingénieur,enseignement
1373,menagere,ménagère,None
1374,eleve,élevé,None
1375,femme au foyer,Femme au foyer,None
1376,commercant,commerçant,commerçant
1377,gynecologue,gynécologue,médical
1378,etudiante,étudiante,enseignement
1379,etudiante,étudiante,enseignement
1380,medecin,médical,médical
1381,retraite,retraite,transport
1382,coiffeuse,coiffeuse,None
1383,agent commercial,Agent commercial,transport
1384,agent de sante,Agent de santé,médical
1385,enseignant,enseignement,enseignement
1386,eleve,élevé,None
1387,medecin,médical,médical
1389,medecin,médical,médical
1390,hotess de l'air,hautes de l'air,transport
1391,delegue medical,délégué médical,médical
1392,etudiante,étudiante,enseignement
1393,restauratrice,restauratrice,None
1394,medecin,médical,médical
1395,comptable,comptable,None
1396,enseignante,enseignement,enseignement
1398,militaire,militaire,transport
1402,chomeur,chômeur,None
1403,eleve,élevé,None
1404,assistante sociale,Assistante sociale,médical
1405,eleve,élevé,None
1406,informaticien,informaticien,None
1407,agent de sante,Agent de santé,médical
1408,administrateur civil,Administrateur civil,None
1409,coffreur batiment,Coffreur bâtiment,transport
1410,administrateur civil,Administrateur civil,None
1411,professeur,professeur,enseignement
1413,architecte,architecte,None
1414,enseignant,enseignement,enseignement
1426,femme au foyer,Femme au foyer,None
1429,professionnel de sante,Professionnel de santé,médical
1431,travailleuse ong,Travailleuse ONG,None
1432,photographe,photographe,None
1433,administrateur civil,Administrateur civil,None
1435,ingenieur,ingénieur,enseignement
1436,administrateur civil,Administrateur civil,None
1438,technicien superieur en tourisme,Technicien supérieur en tourisme,enseignement
1439,eleve,élevé,None
1440,chauffeur taxi,Chauffeur taxi,transport
1441,secretaire de direction,secrétaire de direction,transport
1442,commercant,commerçant,commerçant
1443,societe de fr,société de FR,None
1444,achat/ong save children,Achat/ONG s'axe chilien,None
1445,menagere,ménagère,None
1446,menagere,ménagère,None
1447,femme residence,Femme résidence,None
1448,femme au foyer,Femme au foyer,None
1449,etudiante,étudiante,enseignement
1450,assureur,assureur,None
1453,caissier,caissier,None
1454,tailleur,tailleur,None
1455,eleve,élevé,None
1456,eleve,élevé,None
1457,eleve,élevé,None
1458,eleve,élevé,None
1459,eleve,élevé,None
1460,commercante,commerçant,commerçant
1461,assureur,assureur,None
1462,vigile,vigile,None
1463,tailleur,tailleur,None
1465,postier,postier,None
1466,marchant ambulant,Marchant ambulant,None
1467,etudiant,étudiant,enseignement
1468,marchant ambulant,Marchant ambulant,None
1469,vendeuse,vendeuse,None
1470,menagere,ménagère,None
1472,menagere,ménagère,None
1475,marchand ambulant,Marchand ambulant,None
1476,marchand ambulant,Marchand ambulant,None
1481,etudiant,étudiant,enseignement
1487,politicien,politicien,None
1489,patisserie,pâtisserie,None
1493,menagere,ménagère,None
1495,marchant ambulant,Marchant ambulant,None
1499,tailleur,tailleur,None
1500,chauffeur,chauffeur,transport
1501,chauffeur,chauffeur,transport
1502,technicien telecom,Technicien Télécom,None
1503,retraite,retraite,transport
1504,menagere,ménagère,None
1506,eleve,élevé,None
1508,menagere,ménagère,None
1509,menagere,ménagère,None
1510,employe ccbm,employé cm,None
1511,adjointe gouvernante,Adjointe gouvernante,None
1512,eleve,élevé,None
1513,comptable,comptable,None
1514,hotelier,hôtelier,None
1515,marchand,marchand,commerçant
1516,assureur,assureur,None
1517,gardien,gardien,None
1518,commercant,commerçant,commerçant
1519,etudiant,étudiant,enseignement
1520,menagere,ménagère,None
1522,gardinage,jardinage,None
1523,electricien,électricien,None
1525,peintre,peintre,None
1526,eleve,élevé,None
1527,macon,maçon,None
1528,pecheur,pêcheur,None
1529,etudiant,étudiant,enseignement
1531,menagere,ménagère,None
1532,ambulant,ambulant,None
1533,eleve,élevé,None
1534,menagere,ménagère,None
1535,marchand ambulant,Marchand ambulant,None
1536,eleve,élevé,None
1537,vendeuse,vendeuse,None
1539,carreleur,carreleur,transport
1540,ambulant,ambulant,None
1541,ambulant,ambulant,None
1542,chauffeur,chauffeur,transport
1543,chauffeur,chauffeur,transport
1544,coiffeur,coiffeur,None
1545,taximan,taximan,transport
1546,menagere,ménagère,None
1547,eleve,élevé,None
1548,tailleur,tailleur,None
1549,commercant,commerçant,commerçant
1550,peintre dakar nav,Peintre Dakar av,None
1551,pecheur,pêcheur,None
1552,menagere,ménagère,None
1553,menagere,ménagère,None
1555,eleve,élevé,None
1556,eleve,élevé,None
1558,ressourcer u.pad,Ressourcer u.épaulette,None
1559,menagere,ménagère,None
1560,eleve,élevé,None
1561,chauffeur,chauffeur,transport
1562,commercant,commerçant,commerçant
1563,sans,sans,None
1564,employer ambassade,Employer ambassade,None
1565,etudiantgenie informatique,etudiantgenie informatique,None
1566,ingenieur aviation civile,ingénieur aviation civile,enseignement
1567,technicienne sup opht,Technicienne sur off,None
1568,couturiere,couturière,None
1569,chomeur,chômeur,None
1570,etudiant medecine,étudiant médecine,enseignement
1571,femme de menage,Femme de ménage,None
1572,commercante,commerçant,commerçant
1573,directrice administratif et finance,Directrice administrative et finance,enseignement
1574,autre,autre,None
1575,ingenieur  genie civile,ingénieur génie civile,enseignement
1576,chauffeur conducteur,Chauffeur conducteur,None
1577,etudiant,étudiant,enseignement
1578,taximan,taximan,transport
1579,chanchelier,chancelier,None
1581,autre,autre,None
1582,journaliste,journaliste,None
1583,agent de sante,Agent de santé,médical
1584,electricien,électricien,None
1585,journaliste,journaliste,None
1586,journaliste,journaliste,None
1587,responsable  commercial,Responsable commercial,transport
1588,agent  d assurance,Agent d'assurance,None
1589,onas,aunas,None
1590,assistante de direction,Assistante de direction,transport
1591,informaticien,informaticien,None
1592,chef d'entreprise,Chef d'entreprise,transport
1593,commercant,commerçant,commerçant
1596,autre,autre,None
1597,autre,autre,None
1598,militaire gendarme,Militaire gendarme,transport
1599,autre,autre,None
1601,fonctionnaire aux nations unies,Fonctionnaire aux nations unies,transport
1603,ingenieur biomedical,ingénieur biomédical,enseignement
1604,administrateur,administrateur,None
1605,financier,financier,enseignement
1606,ingenieur en ferroviaire,ingénieur en ferroviaire,enseignement
1607,retraite,retraite,transport
1608,professionnel de sante,Professionnel de santé,médical
1609,professionnel de sante,Professionnel de santé,médical
1610,menagere,ménagère,None
1611,sage femme,sage-femme,None
1613,journaliste,journaliste,None
1614,enseignant,enseignement,enseignement
1615,femme au foyer,Femme au foyer,None
1616,agent axia assurance,Agent actif assurance,commerçant
1617,retraitee,retraitée,None
1618,femme de menage,Femme de ménage,None
1619,retraite,retraite,transport
1620,cadre commercial,Cadre commercial,transport
1621,pecheur,pêcheur,None
1623,enseignant,enseignement,enseignement
1628,ingenieur,ingénieur,enseignement
1629,etudiant,étudiant,enseignement
1630,etudiant,étudiant,enseignement
1631,autre,autre,None
1633,couturiere,couturière,None
1649,chauffeur,chauffeur,transport
1650,chef d'entreprise,Chef d'entreprise,transport
1651,ingenieur biomedical,ingénieur biomédical,enseignement
1652,commercante,commerçant,commerçant
1653,medecin des chirurgie,médecin de la chirurgie,médical
1654,conseillere commerciale,conseillère commerciale,enseignement
1655,juriste,juriste,None
1656,banquier,banquier,commerçant
1657,sall sokhna awa,s'alla sonna AXA,None
1658,etudiante,étudiante,enseignement
1659,domestique,domestique,None
1660,sp,SP,None
1661,ingenieur informatique,ingénieur informatique,enseignement
1662,directeur programme tv,Directeur programme TV,enseignement
1663,comptable,comptable,None
1665,enseignant,enseignement,enseignement
1666,representant medical,représentant médical,médical
1667,eleve,élevé,None
1668,eleve,élevé,None
1669,carreleur,carreleur,transport
1670,eleve,élevé,None
1671,restauratrice,restauratrice,None
1672,consultante cabinet,consultant cabinet,transport
1673,ingenieur aviation,ingénieur aviation,enseignement
1674,agent de joueur,Agent de joueur,None
1675,couturiere,couturière,None
1676,commercant,commerçant,commerçant
1678,directeur institut francaise,Directeur institut française,enseignement
1679,restauratrice,restauratrice,None
1681,pretre,prêtre,None
1682,tailleur,tailleur,None
1683,commercant,commerçant,commerçant
1684,livreur,livreur,None
1685,commercant,commerçant,commerçant
1686,menagere,ménagère,None
1687,restaurateur,restaurateur,None
1688,ambulant,ambulant,None
1689,policier,policier,None
1690,commercant,commerçant,commerçant
1692,controleur de gestion,contrôleur de gestion,None
1693,commercant,commerçant,commerçant
1694,commercant,commerçant,commerçant
1695,enseignant,enseignement,enseignement
1696,cultivateur,cultivateur,commerçant
1697,autre,autre,None
1698,autre,autre,None
1699,autre,autre,None
1700,autre,autre,None
1703,eleve,élevé,None
1704,commerciale,commerçant,commerçant
1705,femme de menage,Femme de ménage,None
1706,agents administratif,Agents administratifs,médical
1707,autre,autre,None
1708,eleve,élevé,None
1709,femme de menage,Femme de ménage,None
1710,vendeuse de petit desjeuner,Vendeuse de petit déjeuner,None
1711,infirmiere,infirmière,médical
1713,technicien ddd,Technicien DVD,None
1714,juriste d'entreprise,Juriste d'entreprise,transport
1715,couturiere,couturière,None
1716,agent transit,Agent transit,transport
1717,menagere,ménagère,None
1718,medecin,médical,médical
1719,tailleur,tailleur,None
1720,retraite,retraite,transport
1721,chef d'entreprise,Chef d'entreprise,transport
1722,eleve,élevé,None
1723,commercant,commerçant,commerçant
1724,avocat,avocat,None
1725,charge analyse des systemes alimentaires,Charge analyse des systèmes alimentaires,enseignement
1726,chauffeur,chauffeur,transport
1727,agent  onas,Agent aunas,None
1728,adjudant,adjudant,None
1729,journaliste sportif,Journaliste sportif,transport
1730,technicien rts,Technicien arts,None
1731,menagere,ménagère,None
1732,monitrice,monitrice,None
1733,menagere,ménagère,None
1734,agent banque,Agent banque,commerçant
1736,paysan,paysan,None
1737,agriculture,agriculture,None
1738,apprenti bus,Apprenti bu,None
1739,autre,autre,None
1740,etudiant,étudiant,enseignement
1741,etudiant,étudiant,enseignement
1742,etudiant,étudiant,enseignement
1744,menagere,ménagère,None
1746,eleve,élevé,None
1748,agriculteur,agriculteur,commerçant
1749,etudiant,étudiant,enseignement
1752,journaliste,journaliste,None
1753,administrateur civil,Administrateur civil,None
1754,ingenieur genie civil,ingénieur génie civil,enseignement
1756,coiffreur en batiment,coiffeur en bâtiment,transport
1758,menagere,ménagère,None
1761,architecte,architecte,None
1762,professionnel de sante,Professionnel de santé,médical
1763,responsable rh,Responsable RH,None
1764,administrateur civil,Administrateur civil,None
1766,eleve,élevé,None
1767,directeur sesag,Directeur ses ag,enseignement
1768,administrateur civil,Administrateur civil,None
1769,expert comptable,expert-comptable,None
1770,etudiant,étudiant,enseignement
1771,secretaire,secrétaire,transport
1773,professionnel de sante,Professionnel de santé,médical
1774,femme au foyer,Femme au foyer,None
1776,travailleur ong,Travailleur ONG,None
1777,ingenieur,ingénieur,enseignement
1778,commercant,commerçant,commerçant
1779,professeur,professeur,enseignement
1780,technicien superieur en tourisme,Technicien supérieur en tourisme,enseignement
1783,agent de sante,Agent de santé,médical
1784,directrice administrative et financiere,Directrice administrative et financière,enseignement
1785,autre,autre,None
1787,enseignant,enseignement,enseignement
1788,menagere,ménagère,None
1789,etudiant,étudiant,enseignement
1791,eleve,élevé,None
1792,business man,Business man,None
1793,menagere,ménagère,None
1794,eleve,élevé,None
1795,ingenieur,ingénieur,enseignement
1796,menagere,ménagère,None
1797,comptable access,Comptable accès,None
1798,etudiant,étudiant,enseignement
1799,etudiant,étudiant,enseignement
1800,etudiante,étudiante,enseignement
1801,entrepreneur,entrepreneur,commerçant
1802,retraite,retraite,transport
1803,commercante,commerçant,commerçant
1804,agent d'exploitation,Agent d'exploitation,None
1805,menagere,ménagère,None
1806,femme au foyer,Femme au foyer,None
1807,menagere,ménagère,None
1808,etudiant,étudiant,enseignement
1813,retraite,retraite,transport
1814,retraite,retraite,transport
1815,infirmiere,infirmière,médical
1817,sp,SP,None
1818,commercante,commerçant,commerçant
1819,etudiante,étudiante,enseignement
1821,comptable,comptable,None
1822,femme de charge,Femme de charge,None
1823,agent de sante,Agent de santé,médical
1824,artiste,artiste,None
1825,technicien,technicien,None
1826,agent d'administratif,Agent d'administratif,médical
1828,commercant,commerçant,commerçant
1829,medecin,médical,médical
1830,etudiant,étudiant,enseignement
1831,etudiante,étudiante,enseignement
1832,medecin,médical,médical
1833,commercante,commerçant,commerçant
1834,commercante,commerçant,commerçant
1835,medecin,médical,médical
1836,eleve,élevé,None
1837,eleve,élevé,None
1838,eleve,élevé,None
1839,enseignante,enseignement,enseignement
1840,etudiant,étudiant,enseignement
1841,militaire,militaire,transport
1842,assistance de direction,Assistance de direction,transport
1843,boutiquier,boutiquier,commerçant
1844,juriste,juriste,None
1845,manager,manager,None
1846,caissiere,caissière,None
1847,etudiant,étudiant,enseignement
1848,infographe,infographe,None
1849,enseignant,enseignement,enseignement
1852,emploiye de maison,employé de maison,None
1853,informaticien,informaticien,None
1854,medecin,médical,médical
1855,eleve,élevé,None
1856,etudiante,étudiante,enseignement
1858,tailleur,tailleur,None
1859,pharmacienne,pharmacienne,médical
1860,comptable,comptable,None
1861,eleve,élevé,None
1862,gerant boutique,gérant boutique,commerçant
1865,chauffeur,chauffeur,transport
1866,agent immobilier,Agent immobilier,None
1867,menuisier,menuisier,None
1869,medecin,médical,médical
1870,etudiante,étudiante,enseignement
1871,etudiant,étudiant,enseignement
1872,etudiante,étudiante,enseignement
1873,eleve,élevé,None
1874,superviseur aibd,Superviseur Abd,None
1875,ingenieur,ingénieur,enseignement
1876,soudeur,soudeur,None
1877,mecanicien,mécanicien,None
1878,q.h.s.e,q.h.s.e,None
1879,soudeur metalique,Soudeur métallique,None
1880,chauffeur,chauffeur,transport
1881,commercante,commerçant,commerçant
1882,dentiste,dentiste,None
1883,technicien,technicien,None
1884,secretaire,secrétaire,transport
1885,assistant dentiste,Assistant dentiste,None
1886,eleve,élevé,None
1888,soudeur metalique,Soudeur métallique,None
1889,cultivateur,cultivateur,commerçant
1890,cultivateur,cultivateur,commerçant
1891,chaudronier,chaudronnier,None
1892,medecin,médical,médical
1894,fonctionnaire aux nations unies,Fonctionnaire aux nations unies,transport
1895,chef d'entreprise,Chef d'entreprise,transport
1896,autre,autre,None
1897,autre,autre,None
1898,autre,autre,None
1899,autre,autre,None
1901,commercant,commerçant,commerçant
1902,ingenieur biomedical,ingénieur biomédical,enseignement
1903,retraite,retraite,transport
1904,eleve,élevé,None
1905,professionel de sante,professionnel de santé,enseignement
1906,administrateur,administrateur,None
1907,financier,financier,enseignement
1909,commercante,commerçant,commerçant
1911,commercante,commerçant,commerçant
1912,menagere,ménagère,None
1915,menagere,ménagère,None
1916,talibe,talibé,None
1918,talibe,talibé,None
1920,commercant,commerçant,commerçant
1921,sapeur,sapeur,None
1922,etudiant,étudiant,enseignement
1923,autre,autre,None
1924,autre,autre,None
1925,consultanat pme,consultant PME,None
1927,eleve coranique,élevé coranique,enseignement
1929,puericultrice,puéricultrice,None
1930,eleve,élevé,None
1931,menagere,ménagère,None
1932,eleve,élevé,None
1934,talibe,talibé,None
1935,commercant,commerçant,commerçant
1936,chauffeur,chauffeur,transport
1937,menagere,ménagère,None
1939,commercant,commerçant,commerçant
1940,menagere,ménagère,None
1941,etudiant,étudiant,enseignement
1942,caissiere,caissière,None
1943,commercant,commerçant,commerçant
1944,technicien terrassement,Technicien terrassement,None
1945,eleve,élevé,None
1946,menagere,ménagère,None
1948,cte /dm,ce /dm,None
1949,cte /dm,ce /dm,None
1950,commercante,commerçant,commerçant
1951,agent de sante,Agent de santé,médical
1952,agent de sante,Agent de santé,médical
1953,agent de sante,Agent de santé,médical
1954,agent de sante,Agent de santé,médical
1955,eleve,élevé,None
1956,menagere,ménagère,None
1957,agent de sante,Agent de santé,médical
1958,maitre coranique,Maitre coranique,enseignement
1959,menagere,ménagère,None
1960,autre,autre,None
1961,etudiante,étudiante,enseignement
1963,autre,autre,None
1965,agent de sante,Agent de santé,médical
1966,agent de sante,Agent de santé,médical
1967,commercant,commerçant,commerçant
1968,pericultrice,puéricultrice,None
1969,eleve,élevé,None
1970,fafa,fana,None
1973,menagere,ménagère,None
1974,ndongo daara,Congo d'aura,None
1976,menagere,ménagère,None
1977,agent banquier,Agent banquier,commerçant
1978,etudiant,étudiant,enseignement
1980,commercante,commerçant,commerçant
1981,operateur economique,opérateur économique,commerçant
1982,eleve (coranique),élevé (coranique),enseignement
1983,eleve,élevé,None
1984,talibe,talibé,None
1985,menagere,ménagère,None
1986,enseignant,enseignement,enseignement
1987,agent commercial,Agent commercial,transport
1988,menagere,ménagère,None
1990,reparateur portable,réparateur portable,transport
1991,gerant de centre commercial,gérant de centre commercial,transport
1992,tailleur,tailleur,None
1993,eleve,élevé,None
1994,eleve,élevé,None
1995,missionnaire,missionnaire,transport
1996,autre,autre,None
1997,commercante,commerçant,commerçant
1998,menagere,ménagère,None
2000,cultivateur,cultivateur,commerçant
2001,chauffeur,chauffeur,transport
2002,agent croix rouge,Agent croix rouge,None
2004,agent facturation,Agent facturation,None
2005,femme de menage,Femme de ménage,None
2006,technicienne surface,Technicienne surface,None
2007,eleve,élevé,None
2008,enseignant,enseignement,enseignement
2009,agent commerciale,Agent commercial,transport
2010,menagere,ménagère,None
2012,menagere,ménagère,None
2013,commercante,commerçant,commerçant
2014,commercant,commerçant,commerçant
2015,enseignante,enseignement,enseignement
2016,commercant,commerçant,commerçant
2017,eleve,élevé,None
2018,commercant,commerçant,commerçant
2019,commercante,commerçant,commerçant
2020,eleve,élevé,None
2022,agent commercial,Agent commercial,transport
2023,eleve,élevé,None
2025,bonne,bonne,None
2028,eleve,élevé,None
2029,eleve,élevé,None
2030,chauffeur,chauffeur,transport
2031,commercante,commerçant,commerçant
2033,comptable,comptable,None
2035,eleve,élevé,None
2036,eleve,élevé,None
2037,autre,autre,None
2038,agent de presse,Agent de presse,enseignement
2040,macon,maçon,None
2041,menagere,ménagère,None
2042,commercant,commerçant,commerçant
2043,commercant,commerçant,commerçant
2044,autre,autre,None
2046,eleve,élevé,None
2047,commercante,commerçant,commerçant
2056,aide radio,Aide radio,None
2061,commercant,commerçant,commerçant
2062,autre,autre,None
2063,autre,autre,None
2067,autre,autre,None
2068,autre,autre,None
2069,autre,autre,None
2070,vigile,vigile,None
2073,commercant,commerçant,commerçant
2074,autre,autre,None
2075,commercant,commerçant,commerçant
2076,assurance,assurance,None
2077,autre,autre,None
2079,eleve,élevé,None
2080,eleve,élevé,None
2081,eleve,élevé,None
2082,commercante,commerçant,commerçant
2083,eleve,élevé,None
2086,femme de menage,Femme de ménage,None
2087,commercante,commerçant,commerçant
2092,marketing,marketing,None
2093,coiffeuse,coiffeuse,None
2094,missionaire,missionnaire,transport
2095,autre,autre,None
2097,autre,autre,None
2101,distributeur,distributeur,commerçant
2102,autre,autre,None
2104,commercant,commerçant,commerçant
2105,menagere,ménagère,None
2106,commercant,commerçant,commerçant
2107,enseignant,enseignement,enseignement
2108,professeur,professeur,enseignement
2109,direceteur de la police judiciaire,directeur de la police judiciaire,enseignement
2110,informaticien,informaticien,None
2111,controleur qualite patisen,contrôleur qualité pâtis-en,None
2112,commercant,commerçant,commerçant
2113,agent du ter,Agent du ter,None
2116,vendeuse marche guediawaye,Vendeuse marche guediawaye,None
2117,agent conseiller,Agent conseiller,enseignement
2118,menagere,ménagère,None
2119,menagere,ménagère,None
2120,pretre,prêtre,None
2121,sp,SP,None
2122,comptable,comptable,None
2123,infirmiere,infirmière,médical
2125,sapeurs,sapeurs,None
2126,menagere,ménagère,None
2127,caissiere,caissière,None
2128,menagere,ménagère,None
2129,retraite,retraite,transport
2130,cadre administratif,Cadre administratif,médical
2131,directeur de societe,Directeur de société,enseignement
2132,professeur yoga,Professeur yoga,None
2133,macon,maçon,None
2134,infographiste,infographiste,None
2135,autre,autre,None
2136,etudiant,étudiant,enseignement
2138,ingenieur genie civil,ingénieur génie civil,enseignement
2140,autre,autre,None
2141,agent de sante,Agent de santé,médical
2143,chanchelier,chancelier,None
2144,journaliste,journaliste,None
2145,chef religieux,Chef religieux,enseignement
2146,autre,autre,None
2147,autre,autre,None
2150,etudiant,étudiant,enseignement
2151,menagere,ménagère,None
2152,eleve,élevé,None
2153,menagere,ménagère,None
2155,ingenieur,ingénieur,enseignement
2156,chauffeur taxi,Chauffeur taxi,transport
2157,etudiant,étudiant,enseignement
2158,agent a la fondation afrivak,Agent a la fondation arriva,None
2159,ingenieur bad,ingénieur bad,enseignement
2161,assistante de direction,Assistante de direction,transport
2162,domestique,domestique,None
2164,femme de menage,Femme de ménage,None
2165,eleve,élevé,None
2166,secretaire,secrétaire,transport
2167,medecin,médical,médical
2168,commercant,commerçant,commerçant
2172,secretaire,secrétaire,transport
2174,secretaire,secrétaire,transport
2175,artiste,artiste,None
2176,medecin,médical,médical
2177,etudiant,étudiant,enseignement
2178,etudiante,étudiante,enseignement
2179,etudiant,étudiant,enseignement
2180,evenementiel,événementiel,None
2181,cassier,cassier,None
2182,chauffeur de bus,Chauffeur de bus,transport
2183,femme au foyer,Femme au foyer,None
2184,retraite,retraite,transport
2186,eleve,élevé,None
2187,femme de menage,Femme de ménage,None
2188,responsable financie,Responsable financier,enseignement
2189,femme de menage,Femme de ménage,None
2190,eleve,élevé,None
2192,commercante,commerçant,commerçant
2193,agent ambassade espagne,Agent ambassade Espagne,None
2194,eleve,élevé,None
2197,ingenieur,ingénieur,enseignement
2198,retraite,retraite,transport
2199,autre,autre,None
2200,autre,autre,None
2201,agent de sante,Agent de santé,médical
2202,asp,as,None
2203,asc(sante),ASC(santé),médical
2204,medecin,médical,médical
2205,militaire gendarme,Militaire gendarme,transport
2206,autre,autre,None
2207,etudiant,étudiant,enseignement
2209,autre,autre,None
2210,etudiant,étudiant,enseignement
2211,etudiant,étudiant,enseignement
2213,etudiant,étudiant,enseignement
2216,commerciale,commerçant,commerçant
2223,menagere,ménagère,None
2224,maitre coranique,Maitre coranique,enseignement
2226,etudiant,étudiant,enseignement
2227,etudiant,étudiant,enseignement
2234,couturiere,couturière,None
2235,menagere,ménagère,None
2236,eleve,élevé,None
2239,etudiant,étudiant,enseignement
2240,eleve,élevé,None
2244,menagere,ménagère,None
2247,eleve,élevé,None
2248,responsable rh,Responsable RH,None
2250,femme au foyer,Femme au foyer,None
2251,ingenieur,ingénieur,enseignement
2252,secretaire,secrétaire,transport
2253,arcitecte,architecte,None
2254,directrice de l'etablissement de la maison libanaise,Directrice de l'établissement de la maison libanaise,enseignement
2255,expert comptable,expert-comptable,None
2257,professionnel de sante,Professionnel de santé,médical
2258,eleve,élevé,None
2259,eleve,élevé,None
2263,gerant,gérant,None
2264,agent de sante,Agent de santé,médical
2268,cuisiniere,cuisinière,None
2273,medecin,médical,médical
2274,artisant,artisans,commerçant
2275,femme au foyer,Femme au foyer,None
2277,journaliste,journaliste,None
2279,ingenieur genie civile,ingénieur génie civile,enseignement
2280,peintre,peintre,None
2282,femme de menage,Femme de ménage,None
2284,assureur,assureur,None
2286,interprete,interprète,None
2287,chroniqueur rts 2,Chroniqueur arts 2,None
2289,directeur dakar actu,Directeur Dakar actu,enseignement
2290,eleve,élevé,None
2291,femme de charge,Femme de charge,None
2292,retraitee,retraitée,None
2293,journaliste,journaliste,None
2294,comptable,comptable,None
2298,enseignant,enseignement,enseignement
2299,journaliste,journaliste,None
2301,responsable administratif,Responsable administratif,médical
2303,medecin,médical,médical
2304,commercant,commerçant,commerçant
2306,restauratrice,restauratrice,None
2307,des en uro,Des en bureau,None
2308,infirmiere,infirmière,médical
2309,assureur askia,Assureur a skia,None
2312,menagere,ménagère,None
2313,caissiere,caissière,None
2314,consultant,consultant,None
2315,diplomate,diplomate,None
2318,autre,autre,None
2319,agent de police,Agent de police,None
2320,agent de securite police,Agent de sécurité police,None
2321,agent de sante,Agent de santé,médical
2322,gendarme,gendarme,None
2323,hotelier,hôtelier,None
2325,gendarme,gendarme,None
2328,fonctionnaire aux nations unies,Fonctionnaire aux nations unies,transport
2332,etudiant,étudiant,enseignement
2333,autre,autre,None
2334,autre,autre,None
2335,missionnaire,missionnaire,transport
2337,communication/marketing,Communication/marketing,None
2338,autre,autre,None
2339,autre,autre,None
2340,autre,autre,None
2341,autre,autre,None
2342,chef d'entreprise,Chef d'entreprise,transport
2343,autre,autre,None
2345,agent de sante,Agent de santé,médical
2350,autre,autre,None
2351,autre,autre,None
2352,eleve,élevé,None
2353,retraite,retraite,transport
2355,femme de menage,Femme de ménage,None
2356,commercante,commerçant,commerçant
2357,financier,financier,enseignement
2358,ingenieur biomedical,ingénieur biomédical,enseignement
2359,autre,autre,None
2361,eleve,élevé,None
2362,etudiant,étudiant,enseignement
2364,administrateur,administrateur,None
2365,vendeur,vendeur,commerçant
2368,retraite,retraite,transport
2369,agent commercial,Agent commercial,transport
2370,medecin,médical,médical
2371,etudiante,étudiante,enseignement
2372,medecin,médical,médical
2373,pilote,pilote,None
2374,retraite,retraite,transport
2375,etudiante,étudiante,enseignement
2377,agent d accueil,Agent d'accueil,None
2378,technicienne radiologique,Technicienne radiologique,None
2379,infirmiere,infirmière,médical
2380,menagere,ménagère,None
2381,menagere,ménagère,None
2382,concierge,concierge,None
2383,infirmier,infirmier,médical
2384,autre,autre,None
2385,styliste,styliste,None
2386,receptionniste,réceptionniste,None
2387,menagere,ménagère,None
2388,agent bicis,Agent biais,None
2391,gardien,gardien,None
2392,agent de securite,Agent de sécurité,None
2393,chef d'entreprise,Chef d'entreprise,transport
2394,technicien radiologie,technicienne radiologie,médical
2395,agent d'accueil,Agent d'accueil,None
2396,medecin radiologie,médecin radiologie,médical
2397,infirmier imodsen,Infirmier mode,None
2398,administrateur,administrateur,None
2400,eleve,élevé,None
2401,traducteur,traducteur,None
2402,eleve,élevé,None
2403,domestique,domestique,None
2404,eleve,élevé,None
2405,responsable banque mondiale,Responsable banque mondiale,commerçant
2406,professeur en pharmacie,Professeur en pharmacie,médical
2407,retraite,retraite,transport
2408,medecin,médical,médical
2409,commerciale,commerçant,commerçant
2410,enseignant,enseignement,enseignement
2411,chauffeur,chauffeur,transport
2412,autre,autre,None
2413,autre,autre,None
2414,agent logistique,Agent logistique,transport
2415,mecanicien,mécanicien,None
2416,commercant,commerçant,commerçant
2418,autre,autre,None
2419,autre,autre,None
2420,industriel,industriel,commerçant
2421,mecanicien,mécanicien,None
2422,menagere,ménagère,None
2423,gerant de l'immeuble,gérant de l'immeuble,None
2425,professionnel de sante,Professionnel de santé,médical
2426,mecanicien,mécanicien,None
2427,restauratrice,restauratrice,None
2428,journaliste,journaliste,None
2431,consultante marquet ng,Consultante m'arque ng,None
2432,eleve,élevé,None
2435,eleve,élevé,None
2437,autre,autre,None
2438,autre,autre,None
2440,analyste financier,Analyste financier,enseignement
2441,charge de com,Charge de COM,None
2444,etudiante,étudiante,enseignement
2445,boutiquier,boutiquier,commerçant
2446,menagere,ménagère,None
2447,formation optique,Formation optique,None
2448,etudiant,étudiant,enseignement
2449,eleve,élevé,None
2453,commercant,commerçant,commerçant
2454,enseignant chercheur,Enseignant chercheur,None
2455,technicien informatique,Technicien informatique,None
2456,commercant,commerçant,commerçant
2459,menagere,ménagère,None
2460,eleve,élevé,None
2461,commercant,commerçant,commerçant
2462,chauffeur,chauffeur,transport
2463,eleve,élevé,None
2465,autre,autre,None
2466,autre,autre,None
2467,autre,autre,None
2469,autre,autre,None
2471,autre,autre,None
2472,autre,autre,None
2475,autre,autre,None
2486,agent de sante,Agent de santé,médical
2487,apprenti mecanicien,Apprenti mécanicien,None
2488,chauffeur de taxi,Chauffeur de taxi,transport
2489,autre,autre,None
2491,autre,autre,None
2492,etudiante,étudiante,enseignement
2493,ingenieur,ingénieur,enseignement
2496,maitre coranique,Maitre coranique,enseignement
2497,autre,autre,None
2500,ingenieur genie civil,ingénieur génie civil,enseignement
2501,autre,autre,None
2502,autre,autre,None
2504,chanchelier,chancelier,None
2505,journaliste,journaliste,None
2506,agent de sante,Agent de santé,médical
2509,autre,autre,None
2510,militaire gendarme,Militaire gendarme,transport
2512,autre,autre,None
2513,autre,autre,None
2514,autre,autre,None
2516,autre,autre,None
2517,menagere,ménagère,None
2518,ingenieur,ingénieur,enseignement
2521,eleve,élevé,None
2522,directrice assemblee de la mission libannaise,Directrice assemblée de la mission libanaise,None
2524,expert comptable,expert-comptable,None
2525,architecte,architecte,None
2526,ingenieur,ingénieur,enseignement
2527,eleve,élevé,None
2529,femme au foyer,Femme au foyer,None
2533,professionnel de sante,Professionnel de santé,médical
2534,medecin,médical,médical
2535,menagere,ménagère,None
2536,etudiant,étudiant,enseignement
2537,etudiant,étudiant,enseignement
2538,retraite,retraite,transport
2540,menagere,ménagère,None
2542,eleve,élevé,None
2544,autre,autre,None
2545,professeur en medecine,Professeur en médecine,enseignement
2549,directrice librairie 80,Directrice librairie 80,transport
2550,agent de sante,Agent de santé,médical
2551,restauratrice,restauratrice,None
2552,marchand ambuland,Marchand ambulant,None
2553,femme au foyer,Femme au foyer,None
2554,ingenieur,ingénieur,enseignement
2555,menagere,ménagère,None
2556,menagere,ménagère,None
2557,agent de sante,Agent de santé,médical
2558,agent ocah,Agent Occam,None
2559,retraite,retraite,transport
2561,etudiante,étudiante,enseignement
2563,controleur dakar dem dikk,contrôleur Dakar d'Em Dick,None
2565,menagere,ménagère,None
2566,ingenieur,ingénieur,enseignement
2567,enseignant,enseignement,enseignement
2568,chauffeur,chauffeur,transport
2569,apprenti,apprenti,None
2570,chauffeur,chauffeur,transport
2571,chauffeur,chauffeur,transport
2572,informaticien,informaticien,None
2573,chauffeur,chauffeur,transport
2574,menagere,ménagère,None
2575,chauffeur taxi,Chauffeur taxi,transport
2576,etudiant,étudiant,enseignement
2577,tailleur,tailleur,None
2578,sp,SP,None
2579,etudiantja,étudiants,enseignement
2581,tailleur,tailleur,None
2582,etudiante,étudiante,enseignement
2583,menagere,ménagère,None
2585,menagere,ménagère,None
2587,agent de recouvrement,Agent de recouvrement,None
2589,comptable,comptable,None
2590,fonctionnaire mef,Fonctionnaire m'es,transport
2591,etudiant,étudiant,enseignement
2592,etudiante,étudiante,enseignement
2593,ingenieur reseaux,ingénieur réseaux,enseignement
2594,commercante,commerçant,commerçant
2595,operateur economique,opérateur économique,commerçant
2596,homme d'affaire,Homme d'affaire,transport
2597,chef religieux,Chef religieux,enseignement
2598,chef transite,Chef transite,transport
2599,femme de menage,Femme de ménage,None
2600,nounou,nounou,None
2601,ingenieur financier en france,ingénieur financier en France,enseignement
2602,operateur economique,opérateur économique,commerçant
2603,tailleur,tailleur,None
2605,agent de banque,Agent de banque,commerçant
2606,cadre administrative,Cadre administrative,None
2607,etudiante,étudiante,enseignement
2608,agent delta,Agent delta,None
2609,marchand,marchand,commerçant
2611,etudiant,étudiant,enseignement
2612,etudiante,étudiante,enseignement
2614,medecin,médical,médical
2615,agent securite,Agent sécurité,None
2616,coiffeuse,coiffeuse,None
2617,avocate,avocate,None
2618,coiffeuse,coiffeuse,None
2619,chef religieux,Chef religieux,enseignement
2620,informaticien,informaticien,None
2621,agent de banque,Agent de banque,commerçant
2623,femme de menage,Femme de ménage,None
2625,ressources humaines,Ressources humaines,None
2626,autre,autre,None
2627,etudiant,étudiant,enseignement
2628,etudiant,étudiant,enseignement
2631,etudiante,étudiante,enseignement
2632,missionnaire,missionnaire,transport
2633,autre,autre,None
2634,autre,autre,None
2635,fonctionnaire aux nations unies,Fonctionnaire aux nations unies,transport
2636,chef d'entreprise,Chef d'entreprise,transport
2637,footballeur,footballeur,None
2638,autre,autre,None
2640,autre,autre,None
2641,etudiant,étudiant,enseignement
2642,autre,autre,None
2643,travail dans labo,Travail dans le labo,None
2645,autre,autre,None
2646,autre,autre,None
2648,menagere,ménagère,None
2649,eleve,élevé,None
2650,menagere,ménagère,None
2651,etudiant,étudiant,enseignement
2652,autre,autre,None
2653,autre,autre,None
2654,autre,autre,None
2655,autre,autre,None
2656,autre,autre,None
2657,autre,autre,None
2658,autre,autre,None
2659,etudiant,étudiant,enseignement
2663,eleve,élevé,None
2664,administrateur,administrateur,None
2665,autre,autre,None
2667,eleve,élevé,None
2668,profession de sante,Profession de santé,médical
2670,menagere,ménagère,None
2671,gardien,gardien,None
2673,etudiant,étudiant,enseignement
2674,commercante,commerçant,commerçant
2675,retraite,retraite,transport
2676,eleve,élevé,None
2677,receveur dakar dem dick,Receveur Dakar d'Em Dick,None
2679,agent immobilier,Agent immobilier,None
2680,agent a l'ambassadeur,Agent a l'ambassadeur,None
2681,eleve,élevé,None
2682,femme de menage,Femme de ménage,None
2683,femme de menage,Femme de ménage,None
2684,etudiante,étudiante,enseignement
2685,eleve,élevé,None
2686,etudiante,étudiante,enseignement
2688,cadre bceao,Cadre beau,None
2690,conseiller commercial,Conseiller commercial,transport
2691,menagere,ménagère,None
2692,menagere,ménagère,None
2693,eleve,élevé,None
2695,eleve,élevé,None
2698,commercante,commerçant,commerçant
2699,menagere,ménagère,None
2701,menagere,ménagère,None
2702,technologie,technologie,None
2703,agent de sante,Agent de santé,médical
2704,ingenieur informaticien,ingénieur informaticien,enseignement
2705,menagere,ménagère,None
2708,agent de sante,Agent de santé,médical
2709,autre,autre,None
2710,autre,autre,None
2712,technicien de labo,Technicien de labo,None
2713,femme au foyer,Femme au foyer,None
2714,delegue medical,délégué médical,médical
2715,chauffeur,chauffeur,transport
2717,journaliste,journaliste,None
2718,gardien,gardien,None
2719,retraite,retraite,transport
2720,ingenieur geologue,ingénieur géologue,enseignement
2721,retraite,retraite,transport
2723,femme de menage,Femme de ménage,None
2724,agent de sante,Agent de santé,médical
2725,autre,autre,None
2726,soudeur,soudeur,None
2727,autre,autre,None
2728,autre,autre,None
2729,autre,autre,None
2730,autre,autre,None
2731,etudiante,étudiante,enseignement
2732,enseignant,enseignement,enseignement
2734,etudiante infirmiere,étudiante infirmière,enseignement
2735,enseignant arabe,Enseignant arabe,None
2736,chirurgien orthopediste,Chirurgien orthopédiste,None
2737,etudiant,étudiant,enseignement
2740,agent de sante,Agent de santé,médical
2741,autre,autre,None
2742,ingenieur,ingénieur,enseignement
2743,autre,autre,None
2744,autre,autre,None
